<?xml version="1.0" encoding="UTF-8"?>
<hibernate-configuration>
  <session-factory>
    <property name="hibernate.dialect">org.hibernate.dialect.PostgreSQLDialect</property>
    <property name="connection.url">jdbc:postgresql://localhost:5432/don</property>
    <property name="hibernate.connection.username">postgres</property>
    <property name="hibernate.connection.password">dongate</property>
    <property name="hibernate.hbm2ddl.auto">create-drop</property>
    <property name="hibernate.show_sql">true</property>
    <property name="hibernate.format_sql">true</property>
    <mapping class="model.Employee" />
  </session-factory>
</hibernate-configuration>
